"","metabolite_name","metabolite_id","refmet_name"
"ME105925","10-Deacetyl-2-debenzoylbaccatin III","ME105925","10-Deacetyl-2-debenzoylbaccatin III"
"ME105926","10-Oxodecanoate","ME105926","10-Oxodecanoic acid"
"ME105922","1,1-Diethyl-2-hydroxy-2-nitrosohydrazine_1","ME105922",""
"ME105923","1,1-Diethyl-2-hydroxy-2-nitrosohydrazine_2","ME105923",""
"ME105924","1,2-Dihydroxynaphthalene-6-sulfonate","ME105924",""
"ME105927","12-trans-Hydroxy juvenile hormone III","ME105927",""
"ME105928","14-Dihydroxycornestin","ME105928","Cornexistin"
"ME105920","1-(5-Phosphoribosyl)imidazole-4-acetate","ME105920","1-(5-Phosphoribosyl)imidazole-4-acetate"
"ME105929","1alpha,5alpha-Epidithio-17a-oxa-D-homoandrostan-3,17-dione_1","ME105929",""
"ME105930","1alpha,5alpha-Epidithio-17a-oxa-D-homoandrostan-3,17-dione_2","ME105930",""
"ME105921","1-(beta-D-Ribofuranosyl)-1,4-dihydronicotinamide","ME105921","1-(beta-D-Ribofuranosyl)-1,4-dihydronicotinamide"
"ME105931","1-Caffeoyl-4-deoxyquinic acid_1","ME105931",""
"ME105932","1-Caffeoyl-4-deoxyquinic acid_2","ME105932",""
"ME105900","(1E,3E)-4-Hydroxybuta-1,3-diene-1,2,4-tricarboxylate","ME105900",""
"ME105933","1-O-Galloyl-beta-D-glucose","ME105933","1-O-Galloyl-beta-D-glucose"
"ME105934","1-O-Sinapoyl-beta-D-glucose_1","ME105934","1-O-Sinapoyl-beta-D-glucose"
"ME105935","1-O-Sinapoyl-beta-D-glucose_2","ME105935","1-O-Sinapoyl-beta-D-glucose"
"ME105936","1-O-Vanilloyl-beta-D-glucose_1","ME105936","1-O-Vanilloyl-beta-D-glucose"
"ME105937","1-O-Vanilloyl-beta-D-glucose_2","ME105937","1-O-Vanilloyl-beta-D-glucose"
"ME105938","1-O-Vanilloyl-beta-D-glucose_3","ME105938","1-O-Vanilloyl-beta-D-glucose"
"ME105939","1-O-Vanilloyl-beta-D-glucose_4","ME105939","1-O-Vanilloyl-beta-D-glucose"
"ME105901","(1-Ribosylimidazole)-4-acetate","ME105901","Imidazoleacetic acid riboside"
"ME105944","2,2-Bis(4'-chlorophenyl)ethanol","ME105944","2,2-bis(4-Chlorophenyl)ethanol"
"ME105940","2-(2-Chloro-phenyl)-5-(5-methylthiophen-2-yl)-[1,3,4]oxadiazole","ME105940",""
"ME105945","2,3-Dihydrothienamycin","ME105945",""
"ME105946","2,3-Dihydroxy-p-cumate_1","ME105946",""
"ME105947","2,3-Dihydroxy-p-cumate_2","ME105947",""
"ME105941","2-(3'-Methylthio)propylmalic acid","ME105941","2-(3-Methylthiopropyl)malic acid"
"ME105948","2,4-Bis(acetamido)-2,4,6-trideoxy-beta-L-altropyranose_1","ME105948",""
"ME105949","2,4-Bis(acetamido)-2,4,6-trideoxy-beta-L-altropyranose_2","ME105949",""
"ME105950","2,4-Dichlorotoluene","ME105950",""
"ME105951","2,4-Dinitro-1-(3-nitrophenoxy)benzene","ME105951",""
"ME105952","2,4-Dinitrophenol","ME105952","2,4-Dinitrophenol"
"ME105953","2,5-Diamino-6-(5-phospho-D-ribitylamino)pyrimidin-4(3H)-one_1","ME105953",""
"ME105954","2,5-Diamino-6-(5-phospho-D-ribitylamino)pyrimidin-4(3H)-one_2","ME105954",""
"ME105955","2,5-Furandicarboxylate_1","ME105955",""
"ME105956","2,5-Furandicarboxylate_2","ME105956",""
"ME105942","2-(6'-Methylthio)hexylmalic acid","ME105942",""
"ME105957","2,7-Anhydro-alpha-N-acetylneuraminic acid_1","ME105957","N-Acetyl-2,7-anhydro-alpha-neuraminic acid"
"ME105958","2,7-Anhydro-alpha-N-acetylneuraminic acid_2","ME105958","N-Acetyl-2,7-anhydro-alpha-neuraminic acid"
"ME105943","2-(Acetamidomethylene)succinate","ME105943",""
"ME105959","2-Amino-9,10-epoxy-8-oxodecanoic acid","ME105959","2-Amino-9,10-epoxy-8-oxodecanoic acid"
"ME105960","2-AminoAMP","ME105960","2-Amino-AMP"
"ME105961","2-Chloro-1,4-naphthoquinone","ME105961","2-Chloro-1,4-naphthoquinone"
"ME105962","2-Dehydro-D-xylonate","ME105962","(3S,4R)-3,4,5-Trihydroxy-2-keto-valeric acid"
"ME105963","2-Deoxy-D-ribose 1-phosphate","ME105963","Deoxyribose 1-phosphate"
"ME105964","2-Ethylhexyl phthalate_1","ME105964","Monoethylhexyl phthalic acid"
"ME105965","2-Ethylhexyl phthalate_2","ME105965","Monoethylhexyl phthalic acid"
"ME105966","2-Hydroxyfelbamate","ME105966","2-Hydroxyfelbamate"
"ME105967","2-Oxo-6-methylthiohexanoic acid_1","ME105967",""
"ME105968","2-Oxo-6-methylthiohexanoic acid_2","ME105968",""
"ME105969","2-Oxo-8-methylthiooctanoic acid","ME105969",""
"ME105970","2-Oxosuberate","ME105970",""
"ME105971","2-Phosphinomethylmalate","ME105971",""
"ME105972","2-Pyridyl hydroxymethane sulfonic acid_1","ME105972","2-Pyridyl hydroxymethane sulfonic acid"
"ME105973","2-Pyridyl hydroxymethane sulfonic acid_2","ME105973","2-Pyridyl hydroxymethane sulfonic acid"
"ME105974","2-Pyridyl hydroxymethane sulfonic acid_3","ME105974","2-Pyridyl hydroxymethane sulfonic acid"
"ME105975","2-Pyridyl hydroxymethane sulfonic acid_4","ME105975","2-Pyridyl hydroxymethane sulfonic acid"
"ME105902","(2S,3S)-2-Hydroxytridecane-1,2,3-tricarboxylate","ME105902",""
"ME105976","2-S-Glutathionyl acetate","ME105976",""
"ME105977","2-Succinylbenzoate_1","ME105977",""
"ME105978","2-Succinylbenzoate_2","ME105978",""
"ME105979","3-(3,4-Dihydroxyphenyl)lactate_1","ME105979",""
"ME105980","3-(3,4-Dihydroxyphenyl)lactate_2","ME105980",""
"ME105993","3-[(3aS,4S,7aS)-7a-Methyl-1,5-dioxo-octahydro-1H-inden-4-yl]propanoate","ME105993",""
"ME105983","3,4,3'-Tri-O-methylellagic acid","ME105983",""
"ME105984","3,4-Dihydroxy-L-phenylalanine","ME105984","DOPA"
"ME105985","3,4-Dihydroxymandelate_1","ME105985","3,4-Dihydroxymandelic acid"
"ME105986","3,4-Dihydroxymandelate_2","ME105986","3,4-Dihydroxymandelic acid"
"ME105987","3,4-Dihydroxyphenylethyleneglycol_1","ME105987","3,4-Dihydroxyphenylglycol"
"ME105988","3,4-Dihydroxyphenylethyleneglycol_2","ME105988","3,4-Dihydroxyphenylglycol"
"ME105981","3-(4-Hydroxyphenyl)lactate","ME105981","Hydroxyphenyllactic acid"
"ME105982","3-(4-Hydroxyphenyl)pyruvate","ME105982","4-Hydroxyphenylpyruvic acid"
"ME105989","3',5'-Cyclic AMP","ME105989","3',5' cyclic AMP"
"ME105990","3',5'-Cyclic GMP","ME105990","3',5' cyclic GMP"
"ME105991","3,5-Dinitroguaiacol","ME105991",""
"ME105992","3,7-Di-O-methylquercetin","ME105992","3,7-Di-O-methylquercetin"
"ME105903","(3-Arylcarbonyl)-alanine","ME105903",""
"ME105994","3-beta-D-Galactosyl-sn-glycerol_1","ME105994","Galactosylglycerol"
"ME105995","3-beta-D-Galactosyl-sn-glycerol_2","ME105995","Galactosylglycerol"
"ME105996","3-beta-D-Galactosyl-sn-glycerol_3","ME105996","Galactosylglycerol"
"ME105904","(3E)-4-(2-Carboxyphenyl)-2-oxobut-3-enoate","ME105904",""
"ME105997","3-Fluoro-cis,cis-muconate","ME105997",""
"ME105998","3-Hydroxy-2-methylpyridine-4,5-dicarboxylate","ME105998","3-Hydroxy-2-methylpyridine-4,5-dicarboxylate"
"ME105999","3-Hydroxy-L-glutamate_1","ME105999","3-Hydroxyglutamic acid"
"ME106000","3-Hydroxy-L-glutamate_2","ME106000","3-Hydroxyglutamic acid"
"ME106001","3-Methyldioxyindole","ME106001","3-Methyldioxyindole"
"ME106002","3-Oxalomalate","ME106002","3-Oxalomalic acid"
"ME106003","3-Oxododecanoic acid","ME106003","3-Oxododecanoic acid"
"ME106004","3-Sulfino-L-alanine","ME106004","3-Sulfino-alanine"
"ME106005","3-Sulfocatechol","ME106005","3-Sulfocatechol"
"ME106006","3-Sulfomuconate","ME106006",""
"ME106007","3-tert-Butyl-5-methylcatechol","ME106007","3-tert-Butyl-5-methylcatechol"
"ME106008","4-(2-Aminophenyl)-2,4-dioxobutanoate_1","ME106008","4-(2-Aminophenyl)-2,4-dioxobutanoic acid"
"ME106009","4-(2-Aminophenyl)-2,4-dioxobutanoate_2","ME106009","4-(2-Aminophenyl)-2,4-dioxobutanoic acid"
"ME106010","4-(3-Methylbut-2-enyl)-L-tryptophan","ME106010",""
"ME106013","4,4'-Biphenyldithiol_1","ME106013",""
"ME106014","4,4'-Biphenyldithiol_2","ME106014",""
"ME106015","4,4-Bis[4-(acetyloxy)phenyl]3-hexanone_1","ME106015",""
"ME106016","4,4-Bis[4-(acetyloxy)phenyl]3-hexanone_2","ME106016",""
"ME106011","4-(4-Deoxy-beta-D-gluc-4-enuronosyl)-D-galacturonate","ME106011",""
"ME106017","4,4'-Diaminostilbene dihydrochloride_1","ME106017",""
"ME106018","4,4'-Diaminostilbene dihydrochloride_2","ME106018",""
"ME106019","4,4'-Dichlorobenzophenone_1","ME106019",""
"ME106020","4,4'-Dichlorobenzophenone_2","ME106020",""
"ME106021","4-Amino-4-deoxychorismate_1","ME106021","4-Amino-4-deoxychorismic acid"
"ME106022","4-Amino-4-deoxychorismate_2","ME106022","4-Amino-4-deoxychorismic acid"
"ME106012","4-(beta-D-Glucosyloxy)benzoate","ME106012",""
"ME106023","4-Carboxy-4-hydroxy-2-oxoadipate","ME106023",""
"ME106024","4-Hydroxy-2-quinolinecarboxylic acid_1","ME106024","Kynurenic acid"
"ME106025","4-Hydroxy-2-quinolinecarboxylic acid_2","ME106025","Kynurenic acid"
"ME106026","4-Hydroxycinnamyl alcohol 4-D-glucoside","ME106026",""
"ME106027","4-Nitrophenol-alpha-D-galactopyranoside","ME106027",""
"ME106028","4-Nitrophenyl-3-ketovalidamine_1","ME106028",""
"ME106029","4-Nitrophenyl-3-ketovalidamine_2","ME106029",""
"ME106030","4-O-beta-D-Glucosyl-4-hydroxycinnamate_1","ME106030",""
"ME106031","4-O-beta-D-Glucosyl-4-hydroxycinnamate_2","ME106031",""
"ME106032","4-Pyridoxate_1","ME106032","4-Pyridoxic acid"
"ME106033","4-Pyridoxate_2","ME106033","4-Pyridoxic acid"
"ME106034","4-Pyridoxate_3","ME106034","4-Pyridoxic acid"
"ME106035","5-Amino-4-chloro-2-(2,3-dihydroxyphenyl)-3(2H)-pyridazinone","ME106035",""
"ME106036","5-Amino-6-(5'-phospho-D-ribitylamino)uracil","ME106036","5-Amino-6-(5-Phospho-D-ribitylamino)uracil"
"ME106037","5-Fluorouridine monophosphate","ME106037",""
"ME106038","5-Guanidino-3-methyl-2-oxopentanoate","ME106038",""
"ME106039","5-Hydroxyferulic acid methyl ester_1","ME106039",""
"ME106040","5-Hydroxyferulic acid methyl ester_2","ME106040",""
"ME106041","5-Hydroxyindoleacetate","ME106041","5-Hydroxyindoleacetic acid"
"ME106042","5-Hydroxy-L-tryptophan","ME106042","5-Hydroxy-tryptophan"
"ME106043","5-Hydroxymethyldeoxycytidylate","ME106043",""
"ME106044","5-Methyl-3-isoxazolyl sulfate_1","ME106044","5-Methyl-3-isoxazolyl sulfate"
"ME106045","5-Methyl-3-isoxazolyl sulfate_2","ME106045","5-Methyl-3-isoxazolyl sulfate"
"ME106046","5-Methyl-3-isoxazolyl sulfate_3","ME106046","5-Methyl-3-isoxazolyl sulfate"
"ME106047","5-Methylthiopentanaldoxime","ME106047","5-Methylthiopentanaldoxime"
"ME106048","5-O-Methyl-myo-inositol","ME106048","1D-5-O-Methyl-myo-inositol"
"ME106049","5-Sulfosalicylate_1","ME106049","5-Sulfosalicylic acid"
"ME106050","5-Sulfosalicylate_2","ME106050","5-Sulfosalicylic acid"
"ME105905","(5Z,13E)-11alpha-Hydroxy-9,15-dioxoprost-13-enoate","ME105905","15-Keto-PGE2"
"ME106052","6-[2,3-Dihydroxy-1-(hydroxymethyl)propyl]-1,2-dihydro-7-hydroxy-9-methoxy-cyclopenta[c][1]benzopyran-3,4-dione","ME106052",""
"ME106053","6-Acetyl-D-glucose","ME106053","6-Acetylglucose"
"ME106051","6-(alpha-D-Glucosaminyl)-1D-myo-inositol","ME106051",""
"ME106054","6-Demethylsterigmatocystin","ME106054","6-Demethylsterigmatocystin"
"ME106055","6-Hydroxyindolelactate","ME106055",""
"ME106056","6-Methoxymellein_1","ME106056",""
"ME106057","6-Methoxymellein_2","ME106057",""
"ME106058","7,8-Dihydroxycoumarin","ME106058",""
"ME106059","7-Deoxyloganate_1","ME106059",""
"ME106060","7-Deoxyloganate_2","ME106060",""
"ME106061","7-Deoxyloganate_3","ME106061",""
"ME106062","7-Deoxyloganetin","ME106062",""
"ME106063","7-Hydroxy-3-(4-methoxyphenyl)-4-propyl-2H-1-benzopyran-2-one","ME106063",""
"ME106064","7-Hydroxy-6-methyl-8-ribityl lumazine_1","ME106064","7-Hydroxy-6-methyl-8-(1-D-ribityl)lumazine"
"ME106065","7-Hydroxy-6-methyl-8-ribityl lumazine_2","ME106065","7-Hydroxy-6-methyl-8-(1-D-ribityl)lumazine"
"ME106066","7-Mercaptoheptanoic acid","ME106066",""
"ME106067","7-Mercaptoheptanoylthreonine","ME106067",""
"ME106068","7-Methyl-2-hydroxy-6-oxoocta-2,4-dienoate_1","ME106068","Vanylglycol"
"ME106069","7-Methyl-2-hydroxy-6-oxoocta-2,4-dienoate_2","ME106069","Vanylglycol"
"ME106070","8-Amino-7-oxononanoate_1","ME106070","8-Amino-7-oxononanoic acid"
"ME106071","8-Amino-7-oxononanoate_2","ME106071","8-Amino-7-oxononanoic acid"
"ME106072","8-Amino-7-oxononanoate_3","ME106072","8-Amino-7-oxononanoic acid"
"ME106073","8-Amino-7-oxononanoate_4","ME106073","8-Amino-7-oxononanoic acid"
"ME106074","8-Epiiridodial glucoside","ME106074","8-Epiiridodial glucoside"
"ME106075","8-Epiiridotrial glucoside","ME106075","8-Epiiridotrial glucoside"
"ME106076","8-Hydroxyalanylclavam","ME106076",""
"ME106077","8-Oxodeoxycoformycin","ME106077","8-Oxodeoxycoformycin"
"ME106078","8-Oxoguanine","ME106078","8-Hydroxyguanine"
"ME106079","9,12,13-TriHOME_1","ME106079","9,12,13-TriHOME"
"ME106080","9,12,13-TriHOME_2","ME106080","9,12,13-TriHOME"
"ME106081","9-Hydroxybenzo[a]pyrene-4,5-oxide","ME106081",""
"ME105906","(9R,10R)-Dihydroxyoctadecanoic acid","ME105906","9,10-Dihydroxystearic acid"
"ME106082","9-Riburonosyladenine","ME106082",""
"ME106083","Abscisate","ME106083","Abscisic acid"
"ME106084","Abscisic acid glucose ester_1","ME106084",""
"ME106085","Abscisic acid glucose ester_2","ME106085",""
"ME106086","Acetophenazine","ME106086","Acetophenazine"
"ME106087","Acetyl-maltose_1","ME106087","Acetyl-maltose"
"ME106088","Acetyl-maltose_2","ME106088","Acetyl-maltose"
"ME106089","Acronycidine","ME106089","Acronycidine"
"ME106090","Acutumidine","ME106090","Acutumidine"
"ME106091","Acyclovir","ME106091","Aciclovir"
"ME106092","Adiantifoline","ME106092","Adiantifoline"
"ME106093","alpha-N-Acetylneuraminyl-2,6-beta-D-galactosyl-1,4-N-acetyl-beta-D-glucosamine","ME106093",""
"ME106094","alpha-Ribazole","ME106094","alpha-Ribazole"
"ME106095","Altersolanol A","ME106095","Altersolanol A"
"ME106096","AMCC","ME106096","N-Acetyl-S-(n-methylcarbamoyl)cysteine"
"ME106097","Amoxicillin","ME106097","Amoxicillin"
"ME106098","AMPA_1","ME106098","Ampa"
"ME106099","AMPA_2","ME106099","Ampa"
"ME106100","Anastrozole","ME106100","Anastrozole"
"ME106101","Androsterone glucuronide","ME106101","Androsterone 3-glucuronide"
"ME106102","Anhydrochlortetracycline","ME106102",""
"ME106103","Aniracetam","ME106103","Aniracetam"
"ME106104","Anisatin_1","ME106104","Anisatin"
"ME106105","Anisatin_2","ME106105","Anisatin"
"ME106106","Anthocyanin","ME106106","Anthocyanin"
"ME106107","Anthocyanin 3'-O-beta-D-glucoside","ME106107","Anthocyanin 3'-O-beta-D-glucoside"
"ME106108","Antirrhinoside","ME106108","Antirrhinoside"
"ME106109","Arg-OEt","ME106109","Ethyl arginate"
"ME106110","Artecanin","ME106110","Chrysartemin B"
"ME106111","Ascorbate","ME106111","Vitamin C"
"ME106112","Ascorbate 2-sulfate_1","ME106112",""
"ME106113","Ascorbate 2-sulfate_2","ME106113",""
"ME106114","Asebogenin","ME106114","Asebogenin"
"ME106115","Asparenomycin A_1","ME106115",""
"ME106116","Asparenomycin A_2","ME106116",""
"ME106117","Asperuloside","ME106117","Asperuloside"
"ME106118","Aspidinol","ME106118","Aspidinol"
"ME106119","Atractyloside A","ME106119",""
"ME106120","Aucubin","ME106120","Aucubin"
"ME106121","Autumnolide","ME106121","Autumnolide"
"ME106122","Azelaic acid","ME106122","Azelaic acid"
"ME106123","Azinphos-ethyl_1","ME106123","Azinphos-ethyl"
"ME106124","Azinphos-ethyl_2","ME106124","Azinphos-ethyl"
"ME106125","Azoxystrobin","ME106125","Azoxystrobin"
"ME106126","Baicalin","ME106126","Baicalin"
"ME106127","Bakkenolide A","ME106127","Bakkenolide A"
"ME106128","Balofloxacin_1","ME106128",""
"ME106129","Balofloxacin_2","ME106129",""
"ME106130","Barbaloin_1","ME106130","Aloin"
"ME106131","Barbaloin_2","ME106131","Aloin"
"ME106132","Bendiocarb_1","ME106132","Bendiocarb"
"ME106133","Bendiocarb_2","ME106133","Bendiocarb"
"ME106134","Benzthiazuron","ME106134",""
"ME106135","Berberastine","ME106135","Berberastine"
"ME106136","Berberine chloride_1","ME106136",""
"ME106137","Berberine chloride_2","ME106137",""
"ME106138","Berberine chloride_3","ME106138",""
"ME106139","Bergenin_1","ME106139","Bergenin"
"ME106140","Bergenin_2","ME106140","Bergenin"
"ME106141","beta-Citryl-L-glutamate","ME106141","Beta-Citryl-glutamic acid"
"ME106142","Biotin sulfone","ME106142","Biotin sulfone"
"ME106143","Biotin sulfoxide_1","ME106143","Biotin sulfoxide"
"ME106144","Biotin sulfoxide_2","ME106144","Biotin sulfoxide"
"ME106145","Bis(4'-chlorophenyl)methane_1","ME106145",""
"ME106146","Bis(4'-chlorophenyl)methane_2","ME106146",""
"ME106147","Bis-D-fructose 2',1:2,1'-dianhydride","ME106147","Bis-D-fructose 2',1:2,1'-dianhydride"
"ME106148","Boc-Asn_1","ME106148",""
"ME106149","Boc-Asn_2","ME106149",""
"ME106150","Boc-Asn-OPhNO2","ME106150",""
"ME106151","Botrydial","ME106151","Botrydial"
"ME106152","Bowdichione","ME106152","Bowdichione"
"ME106153","Bruceoside A","ME106153","Bruceoside A"
"ME106154","Butenachlor","ME106154",""
"ME106155","Butopyronoxyl_1","ME106155",""
"ME106156","Butopyronoxyl_2","ME106156",""
"ME106157","C20913","ME106157",""
"ME106158","Calcium levulinate anhydrous","ME106158",""
"ME106159","Carbamorph","ME106159",""
"ME106160","Castanospermine_1","ME106160","Castanospermine"
"ME106161","Castanospermine_2","ME106161","Castanospermine"
"ME106162","Castanospermine_3","ME106162","Castanospermine"
"ME106163","Cellobionate","ME106163",""
"ME106164","Cerulenin","ME106164","Cerulenin"
"ME106165","Chlorbufam","ME106165",""
"ME106166","Chlorogenate","ME106166","Chlorogenic acid"
"ME106167","Chloroxuron","ME106167",""
"ME106168","Chlorphentermine","ME106168","Chlorphentermine"
"ME106169","Chlorpromazine","ME106169","Chlorpromazine"
"ME106170","Chlorpromazine N-oxide_1","ME106170","Chlorpromazine N-oxide"
"ME106171","Chlorpromazine N-oxide_2","ME106171","Chlorpromazine N-oxide"
"ME106172","Cholesterol sulfate","ME106172","Cholesterol sulfate"
"ME106173","Cholic acid","ME106173","Cholic acid"
"ME106175","cis-2,3-Dihydroxy-2,3-dihydro-p-cumate","ME106175",""
"ME106176","cis-2-Carboxycyclohexyl-acetic acid_1","ME106176","cis-2-Carboxycyclohexyl-acetic acid"
"ME106177","cis-2-Carboxycyclohexyl-acetic acid_2","ME106177","cis-2-Carboxycyclohexyl-acetic acid"
"ME106178","cis-2-Carboxycyclohexyl-acetic acid_3","ME106178","cis-2-Carboxycyclohexyl-acetic acid"
"ME106179","cis-2-Carboxycyclohexyl-acetic acid_4","ME106179","cis-2-Carboxycyclohexyl-acetic acid"
"ME106180","cis-4-Carboxymethylenebut-2-en-4-olide","ME106180","cis-4-Carboxymethylenebut-2-en-4-olide"
"ME106174","cis-(Homo)3-aconitate","ME106174",""
"ME106181","CITRATE","ME106181","Citric acid"
"ME106182","Clavulanic acid","ME106182","Clavulanate"
"ME106183","CNQX","ME106183","CNQX"
"ME106184","Coformycin","ME106184","Coformycin"
"ME106185","Coniferin_1","ME106185","Coniferin"
"ME106186","Coniferin_2","ME106186","Coniferin"
"ME106187","Coniferin_3","ME106187","Coniferin"
"ME106188","Coniferin_4","ME106188","Coniferin"
"ME106189","Coniferyl alcohol","ME106189","Coniferyl alcohol"
"ME106190","Corniculatusin","ME106190","Corniculatusin"
"ME106191","Creatine-D3","ME106191","Creatine"
"ME106192","Creatinine","ME106192","Creatinine"
"ME106193","Croconazole","ME106193","Croconazole"
"ME106194","Crotanecine","ME106194","Crotanecine"
"ME106195","Cyclic GMP-AMP","ME106195",""
"ME106196","cyclo-Dopa 5-O-glucoside_1","ME106196","cyclo-Dopa 5-O-glucoside"
"ME106197","cyclo-Dopa 5-O-glucoside_2","ME106197","cyclo-Dopa 5-O-glucoside"
"ME106198","Cyclophosphamide","ME106198","Cyclophosphamide"
"ME106199","Cypermethrin","ME106199","Cypermethrin"
"ME106200","D-Alanyl-D-serine","ME106200",""
"ME106201","Dalpanin","ME106201","Dalpanin"
"ME106202","Danielone_1","ME106202","Danielone"
"ME106203","Danielone_2","ME106203","Danielone"
"ME106204","Danielone_3","ME106204","Danielone"
"ME106205","Dantrolene_1","ME106205","Dantrolene"
"ME106206","Dantrolene_2","ME106206","Dantrolene"
"ME106207","DCEBIO_1","ME106207","DCEBIO"
"ME106208","DCEBIO_2","ME106208","DCEBIO"
"ME106209","Debromoaplysiatoxin","ME106209",""
"ME106210","Decarbamoylgonyautoxin 1_1","ME106210",""
"ME106211","Decarbamoylgonyautoxin 1_2","ME106211",""
"ME106212","Dehypoxanthine futalosine","ME106212","Dehypoxanthine futalosine"
"ME106213","Deoxycoformycin","ME106213","Pentostatin"
"ME106214","Deoxyguanidinoproclavaminic acid","ME106214","Deoxyamidinoproclavaminic acid"
"ME106215","Deoxylimononic acid D-ring-lactone","ME106215",""
"ME106216","Deoxyloganin_1","ME106216","Deoxyloganin"
"ME106217","Deoxyloganin_2","ME106217","Deoxyloganin"
"ME106218","D-Galactose 6-sulfate","ME106218","Galactose 6-sulfate"
"ME106219","D-Glucono-1,5-lactone","ME106219","Gluconolactone"
"ME106220","D-GLUCURONOLACTONE","ME106220","Glucuronolactone"
"ME106221","Didanosine","ME106221","Didanosine"
"ME106222","Didrovaltratum","ME106222","Didrovaltratum"
"ME106224","Diethyl 2-methyl-3-oxosuccinate_1","ME106224","4-Heptenal diethyl acetal"
"ME106225","Diethyl 2-methyl-3-oxosuccinate_2","ME106225","4-Heptenal diethyl acetal"
"ME106226","Diethyl 2-methyl-3-oxosuccinate_3","ME106226","4-Heptenal diethyl acetal"
"ME106223","Diethyl (2R,3R)-2-methyl-3-hydroxysuccinate","ME106223",""
"ME106227","Digalacturonate","ME106227","Digalacturonic acid"
"ME106228","Dihydromyricetin","ME106228","Dihydromyricetin"
"ME106229","Dihydrozeatin-O-glucoside","ME106229","Dihydrozeatin-O-glucoside"
"ME106230","DIMBOA_1","ME106230","2,4-Dihydroxy-7-methoxy-2H-1,4-benzoxazin-3(4H)-one"
"ME106231","DIMBOA_2","ME106231","2,4-Dihydroxy-7-methoxy-2H-1,4-benzoxazin-3(4H)-one"
"ME106232","DIMBOA-glucoside","ME106232",""
"ME106233","Disperse Blue 1","ME106233",""
"ME106234","D-Lombricine","ME106234","D-Lombricine"
"ME106235","D-Mannitol 1-phosphate","ME106235","Mannitol 1-phosphate"
"ME106236","DMPP_1","ME106236","1,1-Dimethyl-4-phenylpiperazinium iodide"
"ME106237","DMPP_2","ME106237","1,1-Dimethyl-4-phenylpiperazinium iodide"
"ME106238","Dodecanedioic acid_1","ME106238","Dodecanedioic acid"
"ME106239","Dodecanedioic acid_2","ME106239","Dodecanedioic acid"
"ME106240","Dodecanedioic acid_3","ME106240","Dodecanedioic acid"
"ME106241","Dodecanedioic acid_4","ME106241","Dodecanedioic acid"
"ME106242","Dodecanedioic acid_5","ME106242","Dodecanedioic acid"
"ME106243","Dodecanedioic acid_6","ME106243","Dodecanedioic acid"
"ME106244","Doxazosin","ME106244","Doxazosin"
"ME106245","D-Prephenyllactate","ME106245","D-Prephenyl lactate"
"ME106246","Drazoxolon","ME106246",""
"ME106247","D-RIBOSE 5-PHOSPHATE","ME106247","Ribose 5-phosphate"
"ME106248","D-SACCHARIC ACID","ME106248","Glucaric acid"
"ME106249","D-Urobilinogen","ME106249","D-Urobilinogen"
"ME106250","D-Xylonate_1","ME106250","Xylonic acid"
"ME106251","D-Xylonate_2","ME106251","Xylonic acid"
"ME106252","E3040","ME106252",""
"ME106253","EDTA","ME106253","Edetic acid"
"ME106254","Elephantopin","ME106254","Elephantopin"
"ME106255","Enoxacin","ME106255","Enoxacin"
"ME106256","Epithienamycin B","ME106256",""
"ME106257","erythro-3-Hydroxy-Ls-aspartate","ME106257",""
"ME106258","Eseramine_1","ME106258","Eseramine"
"ME106259","Eseramine_2","ME106259","Eseramine"
"ME106260","Estazolam","ME106260","Estazolam"
"ME106261","Eudistomin C","ME106261",""
"ME106262","Evadol hydrochloride","ME106262",""
"ME106263","Fenoldopam_1","ME106263","Fenoldopam"
"ME106264","Fenoldopam_2","ME106264","Fenoldopam"
"ME106265","Fenpiclonil","ME106265",""
"ME106266","Fenvalerate","ME106266",""
"ME106267","Ferrous lactate","ME106267",""
"ME106268","Flamprop-M","ME106268",""
"ME106269","Flavanone 7-O-[alpha-L-rhamnosyl-(1->2)-beta-D-glucoside]","ME106269",""
"ME106270","Flavonol 3-O-D-xylosylglucoside","ME106270","Flavonol 3-O-D-xylosylglucoside"
"ME106271","Fluazifop","ME106271",""
"ME106272","Forchlorfenuron_1","ME106272",""
"ME106273","Forchlorfenuron_2","ME106273",""
"ME106274","Forchlorfenuron_3","ME106274",""
"ME106275","Forchlorfenuron_4","ME106275",""
"ME106276","Fraxin_1","ME106276","Fraxin"
"ME106277","Fraxin_2","ME106277","Fraxin"
"ME106278","Fraxin_3","ME106278","Fraxin"
"ME106279","Fraxin_4","ME106279","Fraxin"
"ME106280","Fructoselysine","ME106280","Fructosyllysine"
"ME106281","Funebrine","ME106281","Funebrine"
"ME106282","Furamizole","ME106282",""
"ME106283","Furcatin","ME106283","Furcatin"
"ME106284","Furmecyclox","ME106284","Furmecyclox"
"ME106285","Fusarenone X_1","ME106285",""
"ME106286","Fusarenone X_2","ME106286",""
"ME106287","Gallate","ME106287","Gallic acid"
"ME106288","gamma-Glutamyl-gamma-aminobutyraldehyde","ME106288","gamma-Glutamyl-gamma-aminobutyraldehyde"
"ME106289","gamma-Glutamyltyramine","ME106289",""
"ME106290","gamma-L-Glutamyl-D-alanine","ME106290","gamma-L-Glutamyl-D-alanine"
"ME106291","gamma-L-Glutamyl-L-cysteine","ME106291","gamma-Glutamylcysteine"
"ME106292","gamma-Undecalactone","ME106292","gamma-Undecalactone"
"ME106293","Gardenoside","ME106293",""
"ME106294","Genipin_1","ME106294","Genipin"
"ME106295","Genipin_2","ME106295","Genipin"
"ME106296","Genipin_3","ME106296","Genipin"
"ME106297","Gentiopicrin_1","ME106297","Gentiopicrin"
"ME106298","Gentiopicrin_2","ME106298","Gentiopicrin"
"ME106299","Gentiopicrin_3","ME106299","Gentiopicrin"
"ME106300","Gentiopicrin_4","ME106300","Gentiopicrin"
"ME106301","Gibberellin A44 diacid","ME106301",""
"ME106302","Glaucarubin_1","ME106302","Glaucarubin"
"ME106303","Glaucarubin_2","ME106303","Glaucarubin"
"ME106304","Glaucarubin_3","ME106304","Glaucarubin"
"ME106305","Glucocleomin","ME106305","Glucocleomin"
"ME106306","Glucoiberverin","ME106306","Glucoiberverin"
"ME106307","Glucose/Fructose [M+Cl]-","ME106307","Hexose"
"ME106308","Glucotropaeolin","ME106308","Glucotropaeolin"
"ME106309","Glucovanillin_1","ME106309",""
"ME106310","Glucovanillin_2","ME106310",""
"ME106311","Glucovanillin_3","ME106311",""
"ME106312","Glutamine","ME106312","Glutamine"
"ME106313","GLYCEROL 2-PHOSPHATE","ME106313","sn-Glycero-2-phosphate"
"ME106314","Glycerophosphoglycerol","ME106314","sn-Glycero-3-phosphoglycerol"
"ME106315","Glycochenodeoxycholate 7-sulfate","ME106315","Glycochenodeoxycholic acid 7-sulfate"
"ME106316","Glycocholate","ME106316","Glycocholic acid"
"ME106317","Glycodeoxycholate","ME106317","Glycodeoxycholic acid"
"ME106318","Glycyl-leucine_1","ME106318","Gly-Leu"
"ME106319","Glycyl-leucine_2","ME106319","Gly-Leu"
"ME106320","Grandidentatin_1","ME106320","Grandidentatin"
"ME106321","Grandidentatin_2","ME106321","Grandidentatin"
"ME106322","Graphinone","ME106322","Ovalicin"
"ME106323","Guanidinoethyl methyl phosphate_1","ME106323",""
"ME106324","Guanidinoethyl methyl phosphate_2","ME106324",""
"ME106325","Guanidinoethyl methyl phosphate_3","ME106325",""
"ME106326","GW 9662","ME106326",""
"ME106329","HC Blue No.1","ME106329",""
"ME106327","HC Blue No. 2_1","ME106327",""
"ME106328","HC Blue No. 2_2","ME106328",""
"ME106330","HC-toxin_1","ME106330","HC toxin"
"ME106331","HC-toxin_2","ME106331","HC toxin"
"ME106332","Hellicoside","ME106332","Hellicoside"
"ME106333","Hesperetin","ME106333","Hesperetin"
"ME106334","Hesperetin 7-O-glucoside","ME106334","Hesperetin 7-O-glucoside"
"ME106335","Heterocladol","ME106335",""
"ME106336","Hexaflumuron","ME106336","Hexaflumuron"
"ME106337","Hinokitiol glucoside","ME106337",""
"ME106338","Histidine","ME106338","Histidine"
"ME106339","Hordatine A","ME106339","Hordatine A"
"ME106340","Hymenoxon","ME106340","Hymenoxon"
"ME106341","Hymexazol O-glucoside","ME106341","Hymexazol O-glucoside"
"ME106342","Hyoscyamine methylbromide","ME106342",""
"ME106343","Hypoglycin B","ME106343",""
"ME106344","Hypoxylone","ME106344","Hypoxylone"
"ME106345","Indolelactate","ME106345","Indolelactic acid"
"ME106346","Indolepyruvate","ME106346","Indolepyruvate"
"ME106347","Inosine","ME106347","Inosine"
"ME106348","ISOCITRIC ACID","ME106348","Isocitric acid"
"ME106349","Isofenphos","ME106349","Isofenphos"
"ME106350","Isopentenyladenosine-5'-diphosphate","ME106350","N(6)-(Dimethylallyl)adenosine 5'-diphosphate"
"ME106351","Isoscoparine_1","ME106351","Isoscoparin"
"ME106352","Isoscoparine_2","ME106352","Isoscoparin"
"ME106353","Isosorbide mononitrate","ME106353","Isosorbide Mononitrate"
"ME106354","Isotan B_1","ME106354",""
"ME106355","Isotan B_2","ME106355",""
"ME106356","Kaempferol 3-sophorotrioside","ME106356","Kaempferol 3-sophorotrioside"
"ME106357","Kanamycin B","ME106357","Kanamycin B"
"ME106358","Kolaflavanone","ME106358","Kolaflavanone"
"ME106359","L-2,3-Dihydrodipicolinate","ME106359",""
"ME106360","L-Adrenaline","ME106360","Epinephrine"
"ME106361","Lamioside","ME106361","Lamioside"
"ME106362","L-Ascorbic acid-2-glucoside","ME106362",""
"ME106363","Laserpitin","ME106363","Laserpitin"
"ME106364","L-Cladinose","ME106364","L-Cladinose"
"ME106365","Lecanoric acid","ME106365","Lecanoric acid"
"ME106366","Leflunomide","ME106366","Leflunomide"
"ME106367","Leonuridine_1","ME106367",""
"ME106368","Leonuridine_2","ME106368",""
"ME106369","Leucomethylene blue","ME106369",""
"ME106370","L-Formylkynurenine","ME106370","N-Formyl-L-kynurenine"
"ME106371","Linezolid_1","ME106371","Linezolid"
"ME106372","Linezolid_2","ME106372","Linezolid"
"ME106373","Lipoamide","ME106373","Lipoamide"
"ME106374","Lithospermoside","ME106374",""
"ME106375","LL-2,6-Diaminoheptanedioate_1","ME106375","2,6-Diaminopimelic acid"
"ME106376","LL-2,6-Diaminoheptanedioate_2","ME106376","2,6-Diaminopimelic acid"
"ME106377","L-Mimosine","ME106377","Mimosine"
"ME106378","Loganin","ME106378","Loganin"
"ME106379","Lophophorine","ME106379","Lophophorine"
"ME106380","Loxapine","ME106380","Loxapine"
"ME106381","L-Tyrosine methyl ester","ME106381","Methyl tyrosinate"
"ME106382","L-Tyrosine methyl ester 4-sulfate","ME106382",""
"ME106383","Lusitanicoside","ME106383","Lusitanicoside"
"ME106384","Lysine","ME106384","Lysine"
"ME106385","Maculosin","ME106385","Cyclo(Pro-Tyr)"
"ME106386","Mallotophenone","ME106386","Mallotophenone"
"ME106387","Mangiferin","ME106387","Mangiferin"
"ME106388","Medicarpin 3-O-glucoside-6'-malonate","ME106388",""
"ME106389","Menazon","ME106389",""
"ME106390","Mercury(2+)","ME106390",""
"ME106391","Metaxalone","ME106391","Metaxalone"
"ME106392","Metazachlor","ME106392","Metazachlor"
"ME106393","Metconazole","ME106393",""
"ME106394","Meteloidine","ME106394",""
"ME106395","Methapyrilene","ME106395","Methapyrilene"
"ME106396","Methyl 2-diazoacetamidohexonate_1","ME106396","Methyl 2-diazoacetamidohexonate"
"ME106397","Methyl 2-diazoacetamidohexonate_2","ME106397","Methyl 2-diazoacetamidohexonate"
"ME106398","Methyldopa anhydrous_1","ME106398","Methyldopa"
"ME106399","Methyldopa anhydrous_2","ME106399","Methyldopa"
"ME106400","Midazolam","ME106400","Midazolam"
"ME106401","Midodrine","ME106401","Midodrine"
"ME106402","Miraxanthin-II_1","ME106402","Miraxanthin-II"
"ME106403","Miraxanthin-II_2","ME106403","Miraxanthin-II"
"ME106404","Mitomycin","ME106404","Mitomycin"
"ME106405","MK 571","ME106405","Verlukast"
"ME106406","Moricizine","ME106406","Moricizine"
"ME106407","Morphine-6-glucuronide","ME106407","Morphine-6-glucuronide"
"ME106408","Moxifloxacin","ME106408","Moxifloxacin"
"ME106409","Musca-aurin-VII","ME106409","Muscaaurin VII"
"ME106410","N-(2,3-Dihydroxybenzoyl)-L-serine_1","ME106410","N-(2,3-Dihydroxybenzoyl)-L-serine"
"ME106411","N-(2,3-Dihydroxybenzoyl)-L-serine_2","ME106411","N-(2,3-Dihydroxybenzoyl)-L-serine"
"ME106414","N2-Acetyl-L-aminoadipate_1","ME106414","N-Acetyl-2-aminoadipic acid"
"ME106415","N2-Acetyl-L-aminoadipate_2","ME106415","N-Acetyl-2-aminoadipic acid"
"ME106416","N2-Acetyl-L-aminoadipate_3","ME106416","N-Acetyl-2-aminoadipic acid"
"ME106417","N7-Methylguanosine","ME106417",""
"ME106418","N-Acetylaspartylglutamate_1","ME106418","N-Acetyl-Asp-Glu"
"ME106419","N-Acetylaspartylglutamate_2","ME106419","N-Acetyl-Asp-Glu"
"ME106420","N-Acetyl-D-fucosamine","ME106420","N-Acetyl-D-fucosamine"
"ME106421","N-ACETYL-DL-GLUTAMIC ACID","ME106421","N-Acetylglutamic acid"
"ME106422","N-ACETYL-D-MANNOSAMINE","ME106422","N-Acetyl-mannosamine"
"ME106423","N-Acetyl-D-tryptophan","ME106423","N-Acetyl-D-tryptophan"
"ME106424","N-Acetylglucosamine 4-sulfate","ME106424",""
"ME106425","N-Acetyl-L-glutamate 5-semialdehyde","ME106425","N-Acetyl-glutamate 5-semialdehyde"
"ME106426","N-Acetyl-L-leucine_1","ME106426","N-Acetylleucine"
"ME106427","N-Acetyl-L-leucine_2","ME106427","N-Acetylleucine"
"ME106428","N-Acetyl-L-leucine_3","ME106428","N-Acetylleucine"
"ME106429","N-Acetyl-L-phenylalanine","ME106429","N-Acetylphenylalanine"
"ME106430","N-ACETYLNEURAMINATE","ME106430","N-Acetylneuraminic acid"
"ME106431","N-Acetylornithine","ME106431","N-Acetylornithine"
"ME106412","N(alpha)-Benzyloxycarbonyl-L-leucine","ME106412","N-Benzyloxycarbonyl-L-leucine"
"ME106432","N-AMIDINO-L-ASPARTATE","ME106432","Guanidinosuccinic acid"
"ME106433","Naringenin 7-O-beta-D-glucoside","ME106433","Naringenin 7-O-beta-D-glucoside"
"ME106434","N-Benzyloxycarbonylglycine_1","ME106434","N-Benzyloxycarbonylglycine"
"ME106435","N-Benzyloxycarbonylglycine_2","ME106435","N-Benzyloxycarbonylglycine"
"ME106436","N-Carbamyl-L-glutamate","ME106436","Carglumic acid"
"ME106437","Neostigmine bromide_1","ME106437","Neostigmine bromide"
"ME106438","Neostigmine bromide_2","ME106438","Neostigmine bromide"
"ME106439","Neostigmine bromide_3","ME106439","Neostigmine bromide"
"ME106440","N-Feruloylglycine","ME106440","N-Feruloylglycine"
"ME106441","N-Heptanoylhomoserine lactone","ME106441","N-Heptanoyl-homoserine lactone"
"ME106442","Nicotianamine","ME106442","(R,S,S)-Nicotianamine"
"ME106443","Nicotinurate_1","ME106443","Nicotinuric acid"
"ME106444","Nicotinurate_2","ME106444","Nicotinuric acid"
"ME106445","Niflumic acid_1","ME106445","Niflumic acid"
"ME106446","Niflumic acid_2","ME106446","Niflumic acid"
"ME106447","Nitrogen mustard","ME106447","Mechlorethamine"
"ME106448","Nitrovin","ME106448",""
"ME106413","N,N-Bis(2-chloroethyl)-DL-alanine hydrochloride","ME106413",""
"ME106449","Nocardicin C","ME106449",""
"ME106450","Octamethyltrisiloxane","ME106450","Octamethyltrisiloxane"
"ME106451","Ofloxacin_1","ME106451","Ofloxacin"
"ME106452","Ofloxacin_2","ME106452","Ofloxacin"
"ME106453","O-Propanoylcarnitine","ME106453","CAR 3:0"
"ME106454","Oseltamivir","ME106454","Oseltamivir"
"ME106455","O-Succinyl-L-homoserine","ME106455","o-Succinylhomoserine"
"ME106456","Oxalosuccinate","ME106456","Oxalosuccinic acid"
"ME106457","Oxazepam","ME106457","Oxazepam"
"ME106458","Oxaziclomefone","ME106458",""
"ME106459","Oxmetidine","ME106459","Oxmetidine"
"ME106460","Ozagrel hydrochloride","ME106460",""
"ME106462","Paeonolide","ME106462","Paeonolide"
"ME106463","Panfuran S","ME106463",""
"ME106464","Pantothenate","ME106464","Pantothenic acid"
"ME106465","Pantothenol","ME106465","Pantothenol"
"ME106466","Parsonsine","ME106466","Parsonsine"
"ME106467","Paucin","ME106467","Paucin"
"ME106468","Pendimethalin","ME106468","Pendimethalin"
"ME106469","Pentahomomethionine","ME106469","Pentahomomethionine"
"ME106470","Pentamidine","ME106470","Pentamidine"
"ME106471","Perindopril","ME106471","Perindopril"
"ME106472","Perseitol_1","ME106472","Perseitol"
"ME106473","Perseitol_2","ME106473","Perseitol"
"ME106474","Phenylacetylglutamine","ME106474","alpha-N-Phenylacetylglutamine"
"ME106475","Phenylgalactoside_1","ME106475","Phenyl-beta-D-galactoside"
"ME106476","Phenylgalactoside_2","ME106476","Phenyl-beta-D-galactoside"
"ME106477","Phenylgalactoside_3","ME106477","Phenyl-beta-D-galactoside"
"ME106478","Phenylmethanesulfonyl fluoride_1","ME106478",""
"ME106479","Phenylmethanesulfonyl fluoride_2","ME106479",""
"ME106480","Phenylpyruvate","ME106480","Phenylpyruvic acid"
"ME106481","PHOSPHOCHOLINE","ME106481","Choline phosphate"
"ME106482","Phosphoramide mustard","ME106482","Phosphoramide mustard"
"ME106483","p-Hydroxyphenylacetothiohydroximate_1","ME106483",""
"ME106484","p-Hydroxyphenylacetothiohydroximate_2","ME106484",""
"ME106485","Plumieride","ME106485","Plumieride"
"ME106486","Podophyllotoxone","ME106486","Podophyllotoxone"
"ME106487","Polypodine B","ME106487","Polypodine B"
"ME106488","Porphobilinogen","ME106488","Porphobilinogen"
"ME106489","Portulacaxanthin II","ME106489","Portulacaxanthin II"
"ME106490","Potassium cyanate_1","ME106490",""
"ME106491","Potassium cyanate_2","ME106491",""
"ME106492","Potassium cyanate_3","ME106492",""
"ME106493","Potassium cyanate_4","ME106493",""
"ME106461","p,p'-Methoxychlor olefin","ME106461","Methoxychlor olefin"
"ME106494","Prodiamine","ME106494",""
"ME106495","Prontosil","ME106495","Prontosil"
"ME106496","Propachlor_1","ME106496","N-Isopropyl-2-chloroacetanilide"
"ME106497","Propachlor_2","ME106497","N-Isopropyl-2-chloroacetanilide"
"ME106498","Propanethial S-oxide","ME106498","Thial-1-Propene-1-thiol S-oxide"
"ME106499","Propantheline chloride","ME106499","Propantheline chloride"
"ME106500","Proparacaine","ME106500","Proparacaine"
"ME106501","Propyzamide_1","ME106501",""
"ME106502","Propyzamide_2","ME106502",""
"ME106503","Prostaglandin G2","ME106503","PGG2"
"ME106504","Psicofuranine","ME106504","Angustmycin C"
"ME106505","Pulcherriminic acid","ME106505","Pulcherriminic acid"
"ME106506","Pydanon","ME106506",""
"ME106507","Pyricarbate","ME106507","Pyricarbate"
"ME106508","Pyridaben","ME106508","Pyridaben"
"ME106509","Quercetin 3-O-glucoside","ME106509","Quercetin 3-glucoside"
"ME106510","Quercitrin_1","ME106510","Quercitrin"
"ME106511","Quercitrin_2","ME106511","Quercitrin"
"ME106512","Quetiapine","ME106512","Quetiapine"
"ME106514","Quinate","ME106514","Quinic acid"
"ME106515","Quinoclamin","ME106515",""
"ME106516","Quinolinate","ME106516","Quinolinic acid"
"ME106517","Quizalofop-ethyl","ME106517",""
"ME105910","(R)-2-Hydroxybutane-1,2,4-tricarboxylate_1","ME105910","Homocitric acid"
"ME105911","(R)-2-Hydroxybutane-1,2,4-tricarboxylate_2","ME105911","Homocitric acid"
"ME105912","(R)-2-Hydroxybutane-1,2,4-tricarboxylate_3","ME105912","Homocitric acid"
"ME105913","(R)-2-Hydroxybutane-1,2,4-tricarboxylate_4","ME105913","Homocitric acid"
"ME105914","(R)-3-((R)-3-Hydroxybutanoyloxy)butanoate_1","ME105914",""
"ME105915","(R)-3-((R)-3-Hydroxybutanoyloxy)butanoate_2","ME105915",""
"ME105916","(R)-3-((R)-3-Hydroxybutanoyloxy)butanoate_3","ME105916",""
"ME106518","Reduced riboflavin_1","ME106518",""
"ME106519","Reduced riboflavin_2","ME106519",""
"ME106520","Reduced riboflavin_3","ME106520",""
"ME106521","Rehmaionoside A_1","ME106521",""
"ME106522","Rehmaionoside A_2","ME106522",""
"ME106523","Rehmaionoside C_1","ME106523",""
"ME106524","Rehmaionoside C_2","ME106524",""
"ME106525","Rhododendrin_1","ME106525","Rhododendrin"
"ME106526","Rhododendrin_2","ME106526","Rhododendrin"
"ME105907","(R)-(Homo)2-citrate_1","ME105907",""
"ME105908","(R)-(Homo)2-citrate_2","ME105908",""
"ME105909","(R)-(Homo)2-citrate_3","ME105909",""
"ME106527","Riboflavin","ME106527","Riboflavin"
"ME106528","Ripazepam_1","ME106528",""
"ME106529","Ripazepam_2","ME106529",""
"ME106530","Ripazepam_3","ME106530",""
"ME106531","Ripazepam_4","ME106531",""
"ME106532","Rishitin","ME106532","Rishitin"
"ME106533","Robustine","ME106533","Robustine"
"ME106534","Rosmarinine","ME106534","Rosmarinine"
"ME106535","S-(2-Hydroxyethyl)-N-acetyl-L-cysteine","ME106535","N-Acetyl-S- (2-hydroxyethyl)-cysteine"
"ME106536","S-(2-Methylpropanoyl)-dihydrolipoamide","ME106536","S-(2-Methylpropionyl)-dihydrolipoamide-E"
"ME105917","(S)-ACPA","ME105917",""
"ME106539","Salidroside","ME106539","4-Hydroxyphenyl-2-ethylglucopyranoside"
"ME105918","(S)-ATPA_1","ME105918","(S)-ATPA"
"ME105919","(S)-ATPA_2","ME105919","(S)-ATPA"
"ME106540","S-Carboxymethyl-L-cysteine","ME106540","S-Carboxymethyl-cysteine"
"ME106541","Schizonepetoside E_1","ME106541",""
"ME106542","Schizonepetoside E_2","ME106542",""
"ME106543","Schizonepetoside E_3","ME106543",""
"ME106544","Schizonepetoside E_4","ME106544",""
"ME106545","Scopoletin","ME106545","Scopoletin"
"ME106546","Scytalone_1","ME106546","Scytalone"
"ME106547","Scytalone_2","ME106547","Scytalone"
"ME106548","Sebacic acid_1","ME106548","Sebacic acid"
"ME106549","Sebacic acid_2","ME106549","Sebacic acid"
"ME106550","Secologanate_1","ME106550","Secologanate"
"ME106551","Secologanate_2","ME106551","Secologanate"
"ME106552","Secologanate_3","ME106552","Secologanate"
"ME106553","Secologanin","ME106553","Secologanin"
"ME106554","Sedoheptulose_1","ME106554","Glucoheptulose"
"ME106555","Sedoheptulose_2","ME106555","Glucoheptulose"
"ME106556","Sesamex_1","ME106556",""
"ME106557","Sesamex_2","ME106557",""
"ME106558","Shanzhiside","ME106558",""
"ME106537","S-(Hydroxyphenylacetothiohydroximoyl)-L-cysteine","ME106537",""
"ME106559","Sinapate_1","ME106559","Sinapic acid"
"ME106560","Sinapate_2","ME106560","Sinapic acid"
"ME106561","Sinapate_3","ME106561","Sinapic acid"
"ME106562","Sinapate_4","ME106562","Sinapic acid"
"ME106563","Sinapyl alcohol","ME106563","Sinapyl alcohol"
"ME106564","sn-Glycero-3-phosphocholine_1","ME106564","sn-Glycero-3-phosphocholine"
"ME106565","sn-Glycero-3-phosphocholine_2","ME106565","sn-Glycero-3-phosphocholine"
"ME106566","Spectinomycin dihydrochloride","ME106566","Spectinomycin"
"ME106567","S-Ribosyl-L-homocysteine","ME106567","S-Ribosylhomocysteine"
"ME106538","S,S-Dimethyl-beta-propiothetin","ME106538","S,S-Dimethyl-beta-propiothetin"
"ME106568","S-Sulfo-L-cysteine","ME106568","Cysteine-S-sulfate"
"ME106569","Sterigmatocystin","ME106569","Sterigmatocystin"
"ME106570","Suberic acid","ME106570","Suberic acid"
"ME106571","Sucralose","ME106571","Sucralose"
"ME106572","Sulbactam","ME106572","Sulbactam"
"ME106573","Sulfometuron methyl","ME106573","Sulfometuron methyl"
"ME106574","Sulfoquinovose_1","ME106574","Sulfoquinovose"
"ME106575","Sulfoquinovose_2","ME106575","Sulfoquinovose"
"ME106576","Sulmazole_1","ME106576","Sulmazole"
"ME106577","Sulmazole_2","ME106577","Sulmazole"
"ME106578","Sulochrin","ME106578","Sulochrin"
"ME106579","Syringin","ME106579","Syringin"
"ME106580","Tabtoxin","ME106580",""
"ME106581","Tabtoxinine-beta-lactam_1","ME106581",""
"ME106582","Tabtoxinine-beta-lactam_2","ME106582",""
"ME106583","Tarennoside","ME106583","Tarennoside"
"ME106584","Tauropine","ME106584","Tauropine"
"ME106585","Tentoxin_1","ME106585","Tentoxin"
"ME106586","Tentoxin_2","ME106586","Tentoxin"
"ME106587","Tentoxin_3","ME106587","Tentoxin"
"ME106588","Tentoxin_4","ME106588","Tentoxin"
"ME106589","Tentoxin_5","ME106589","Tentoxin"
"ME106590","Testolate","ME106590","Testolic acid"
"ME106591","Testosterone glucuronide","ME106591","Testosterone glucuronide"
"ME106592","Tetraneurin A","ME106592","Tetraneurin A"
"ME106593","Thalassemine_1","ME106593","Thalassemine"
"ME106594","Thalassemine_2","ME106594","Thalassemine"
"ME106595","Thalassemine_3","ME106595","Thalassemine"
"ME106596","Thalicarpine","ME106596","Thalicarpine"
"ME106597","Theogallin","ME106597","Theogallin"
"ME106598","Thiamin diphosphate","ME106598","Thiamine diphosphate"
"ME106599","Thiamin monophosphate","ME106599","Thiamine monophosphate"
"ME106600","Thienodolin","ME106600","Thienodolin"
"ME106601","Thiolactomycin","ME106601","Thiolactomycin"
"ME106602","Thiorphan","ME106602","Thiorphan"
"ME106603","Threonine","ME106603","Threonine"
"ME106604","THTA","ME106604","2-Tetrahydrothiopheneacetic acid"
"ME106605","Tobramycin","ME106605","Tobramycin"
"ME106606","Tolcapone_1","ME106606","Tolcapone"
"ME106607","Tolcapone_2","ME106607","Tolcapone"
"ME106608","Tramadol","ME106608","Tramadol"
"ME106609","trans-Cinnamoyl beta-D-glucoside","ME106609","1-O-trans-Cinnamoyl-beta-D-glucose"
"ME106610","Traumatic acid_1","ME106610","Traumatic acid"
"ME106611","Traumatic acid_2","ME106611","Traumatic acid"
"ME106612","Triadimefon","ME106612","Triadimefon"
"ME106613","Triadimenol","ME106613","Triadimenol"
"ME106614","Tributyltin chloride_1","ME106614",""
"ME106615","Tributyltin chloride_2","ME106615",""
"ME106616","Tributyltin chloride_3","ME106616",""
"ME106617","Tributyrin_1","ME106617","TG 4:0/4:0/4:0"
"ME106618","Tributyrin_2","ME106618","TG 4:0/4:0/4:0"
"ME106619","Triethylene glycol diglycidyl ether_1","ME106619",""
"ME106620","Triethylene glycol diglycidyl ether_2","ME106620",""
"ME106621","Triflumuron","ME106621","Triflumuron"
"ME106622","Trimetaphosphoric acid","ME106622",""
"ME106623","Trimethoprim","ME106623","Trimethoprim"
"ME106624","Triticonazole","ME106624",""
"ME106625","Tryptophan","ME106625","Tryptophan"
"ME106626","Tuberonic acid glucoside_1","ME106626","Tuberonic acid glucoside"
"ME106627","Tuberonic acid glucoside_2","ME106627","Tuberonic acid glucoside"
"ME106628","Tuliposide B","ME106628","Tuliposide B"
"ME106629","Tussilagine","ME106629","Tussilagine"
"ME106630","Umbelliferone","ME106630","Umbelliferone"
"ME106631","Ungeremine","ME106631","Lycobetaine"
"ME106632","Urate","ME106632","Uric acid"
"ME106633","Urate-3-ribonucleoside","ME106633","3-(beta-D-Ribofuranosyl)uric acid"
"ME106634","Uridine","ME106634","Uridine"
"ME106635","Valacyclovir","ME106635","Valaciclovir"
"ME106636","Vermelone","ME106636",""
"ME106637","Verrucarin A","ME106637","Verrucarin A"
"ME106638","Versicolorin B","ME106638","Versicolorin B"
"ME106639","Versiconal","ME106639",""
"ME106640","Vitexin_1","ME106640","Vitexin"
"ME106641","Vitexin_2","ME106641","Vitexin"
"ME106642","Xanthosine_1","ME106642","Xanthosine"
"ME106643","Xanthosine_2","ME106643","Xanthosine"
"ME106644","Zalcitabine","ME106644","Zalcitabine"
"ME106645","Zinnimidine","ME106645","Zinnimidine"
"ME106646","Zizybeoside I","ME106646",""
"ME106647","Zoxazolamine","ME106647","Zoxazolamine"
